"","ID","Description","GeneRatio","BgRatio","pvalue","p.adjust","qvalue","Count"
"R-HSA-3000157","R-HSA-3000157","Laminin interactions","5/148","30/10654",5.20624549250735e-05,0.0148716821676194,0.0141933247354122,5
"R-HSA-1474244","R-HSA-1474244","Extracellular matrix organization","14/148","301/10654",7.47496329129388e-05,0.0148716821676194,0.0141933247354122,14
"R-HSA-3000178","R-HSA-3000178","ECM proteoglycans","7/148","76/10654",8.49810409578254e-05,0.0148716821676194,0.0141933247354122,7
"R-HSA-1251985","R-HSA-1251985","Nuclear signaling by ERBB4","4/148","32/10654",0.000950075063828628,0.124697352127507,0.119009402732218,4
"R-HSA-3000171","R-HSA-3000171","Non-integrin membrane-ECM interactions","5/148","59/10654",0.0013241327058897,0.139033934118418,0.132692035369157,5
"R-HSA-381426","R-HSA-381426","Regulation of Insulin-like Growth Factor (IGF) transport and uptake by Insulin-like Growth Factor Binding Proteins (IGFBPs)","7/148","125/10654",0.00176274827985655,0.154240474487448,0.147204944072231,7
